[
    {
        "pos":[
            {
                "name": "",//关键词
                "value":""//次数
            } ,
            {
                "name": "",
                "value":""
            } ,  
            ....                    
        ],
        "neu":[
            {
                "name": "",
                "value":""
            } ,
            {
                "name": "",
                "value":""
            } ,  
            ....                    
        ],
        "neg":[
            {
                "name": "",
                "value":""
            } ,
            {
                "name": "",
                "value":""
            } ,  
            ....                    
        ],        

    }
]